{
  "train": [
    0.06028590723872185, 0.007383816409856081, 0.005122791044414043,
    0.004454473033547401, 0.00425346102565527, 0.003827617270871997,
    0.0035159257240593433, 0.0036642798222601414, 0.0034422012977302074
  ],
  "val": [
    0.015379914082586765, 0.0019982284866273403, 0.001782616600394249,
    0.0016730285715311766, 0.0020605463068932295, 0.0018854456720873713,
    0.0018022709991782904, 0.0019476556917652488, 0.0025497740134596825
  ]
}
