{"train": [0.03606009483337402, 0.0027553264517337084, 0.002039496786892414, 0.001960656838491559, 0.0018733288161456585, 0.0015708585269749165, 0.0015662824735045433, 0.0013616360956802964, 0.0014908959856256843, 0.0012645201059058309, 0.0012761022662743926, 0.0012345195282250643, 0.001253236085176468, 0.00121340062469244, 0.001123573281802237, 0.0013290627393871546, 0.0012194598093628883, 0.0010941532673314214, 0.0010729925706982613, 0.0010831585386767983], "val": [0.012279918417334557, 0.002055045450106263, 0.0015842223074287176, 0.0014837655471637845, 0.002096471143886447, 0.0017550579505041242, 0.0011470784666016698, 0.0011703307973220944, 0.0013201336842030287, 0.0010801018215715885, 0.0018227675464004278, 0.0009948083898052573, 0.0011745693627744913, 0.0010905553353950381, 0.001089360099285841, 0.0022242942359298468, 0.0009139752364717424, 0.0014614496612921357, 0.0009070581290870905, 0.0009041763260029256]}